"";"x"
"1";"age_at_initial_pathologic_diagnosis"
"2";"X7_99757955_A"
"3";"X10_97917843_T"
"4";"X16_772842_C"
"5";"X19_15507970_T"
"6";"X6_52995691_T"
"7";"X21_38444863_T"
"8";"X2_231037616_G"
"9";"X16_29675855_C"
"10";"X11_62415270_A"
"11";"X16_29675724_T"
"12";"X1_11807600_G"
"13";"X21_38438006_C"
"14";"X13_25457207_C"
"15";"X6_52993488_G"
"16";"X11_62416859_A"
"17";"X1_109740680_T"
"18";"X20_10277621_T"
"19";"X21_31654809_T"
"20";"X3_9788055_A"
"21";"X16_20638592_C"
"22";"X5_34042976_T"
"23";"X13_25440331_C"
"24";"X10_97918915_C"
"25";"X6_52767199_C"
"26";"X7_99758276_G"
"27";"X17_41610577_T"
"28";"X21_38309112_T"
"29";"X19_3785064_A"
"30";"X16_29675326_G"
"31";"X13_25901165_G"
"32";"X12_104327979_T"
"33";"X2_189907937_G"
"34";"X19_3779014_A"
"35";"X19_15533930_A"
"36";"X7_99787120_T"
"37";"X10_97916360_T"
"38";"X10_114194119_A"
"39";"X1_109735298_C"
"40";"X13_25444875_T"
"41";"X10_97174537_A"
"42";"X12_56365381_G"
"43";"X10_97919317_A"
"44";"X10_97174269_T"
"45";"X7_99764272_T"
"46";"X1_150255728_A"
"47";"X7_99752566_A"
"48";"X5_34004707_T"
"49";"X2_231048356_C"
"50";"X21_38444881_A"
"51";"X6_52993609_C"
"52";"X1_150255577_T"
"53";"X13_25887145_A"
"54";"X13_25671714_G"
"55";"X7_99778227_T"
"56";"X1_109715154_T"
"57";"X10_97987265_T"
"58";"X7_99783909_A"
"59";"X2_231050789_A"
"60";"X10_97916497_A"
"61";"X22_23980968_A"
"62";"X1_150259400_C"
"63";"X3_9783046_T"
"64";"X16_56226536_T"
"65";"X1_109742527_C"
"66";"X16_20638561_T"
"67";"X20_2297790_A"
"68";"X2_231050715_G"
"69";"X6_52761706_A"
"70";"X1_109779029_C"
"71";"X21_38439640_C"
"72";"X2_189975075_G"
"73";"X1_150259113_A"
"74";"X20_2297775_C"
"75";"X1_109740636_A"
"76";"X6_52843131_T"
"77";"X12_104327817_G"
"78";"X10_97096357_T"
"79";"X10_97917555_C"
"80";"X10_104230683_C"
"81";"X13_25479541_C"
"82";"X1_86557967_A"
"83";"X1_150255661_T"
"84";"X6_159667972_T"
"85";"X14_94595945_T"
"86";"X13_25507240_C"
"87";"X10_97031417_A"
"88";"X13_25457412_A"
"89";"X10_97143826_C"
"90";"X2_189932953_A"
"91";"X10_97917307_A"
"92";"X1_39951243_A"
"93";"X16_20636814_A"
"94";"X10_97918502_T"
"95";"X6_52761695_A"
"96";"X13_25507339_A"
"97";"X13_25367282_C"
"98";"X13_25835847_C"
"99";"X1_109772194_A"
"100";"X1_109777975_T"
"101";"X11_62401837_C"
"102";"X3_49362369_T"
"103";"X21_38444995_G"
"104";"X12_56359878_T"
"105";"X13_25823441_T"
"106";"X7_143270172_G"
"107";"X2_189974958_T"
"108";"X10_97154830_C"
"109";"X3_9768826_T"
"110";"X6_52993002_A"
"111";"X13_25670676_A"
"112";"X10_104230587_A"
"113";"X6_159667961_G"
"114";"X21_38593620_T"
"115";"X3_9775965_T"
"116";"X12_104341206_C"
"117";"X6_52761668_G"
"118";"X10_97918514_G"
"119";"X1_109704525_T"
"120";"X10_97174225_C"
"121";"X13_25671284_G"
"122";"X1_109740138_T"
"123";"X21_38528987_A"
"124";"X10_104233495_T"
"125";"X13_25367324_A"
"126";"X1_109771036_C"
"127";"X4_68562365_G"
"128";"X13_25670953_A"
"129";"X19_3785223_G"
"130";"X21_31655212_C"
"131";"X6_52996868_A"
"132";"X21_38563686_C"
"133";"X13_25670945_G"
"134";"X1_109737063_T"
"135";"X21_38538290_T"
"136";"X10_97154372_G"
"137";"X3_9783081_T"
"138";"X10_97101142_C"
"139";"X11_62416116_C"
"140";"X5_33989518_T"
"141";"X22_23980868_A"
"142";"X7_99771541_G"
"143";"X22_23980755_G"
"144";"X3_36422173_C"
"145";"X10_104232690_T"
"146";"X1_150255587_C"
"147";"X19_15512258_A"
"148";"X7_99758040_A"
"149";"X6_159672419_C"
"150";"X10_97031521_T"
"151";"X10_114181773_G"
"152";"X21_38308855_T"
"153";"X21_31654738_G"
"154";"X19_15533951_A"
"155";"X7_99757612_A"
"156";"X6_159672455_T"
"157";"X1_109714635_T"
"158";"X13_25487103_C"
"159";"X13_25428002_A"
"160";"X21_38437763_G"
"161";"X13_25828007_T"
"162";"X5_34004756_A"
"163";"X13_25467004_A"
"164";"X16_29675724_G"
"165";"X11_62400116_C"
"166";"X21_38437906_A"
"167";"X13_25367292_G"
"168";"X2_231036860_T"
"169";"X13_25671826_T"
"170";"X13_25826026_C"
"171";"X13_25525544_C"
"172";"X11_62400110_C"
"173";"X20_2321105_C"
"174";"X14_64936286_C"
"175";"X2_231050727_T"
"176";"X13_25882077_T"
"177";"X21_31654830_T"
"178";"X20_2291722_C"
"179";"X1_109737132_C"
"180";"X1_86435932_T"
"181";"X21_38538291_A"
"182";"X3_36527720_C"
"183";"X16_56226545_C"
"184";"X10_97987251_G"
"185";"X21_38308774_T"
"186";"X10_97174164_G"
"187";"X10_97106165_C"
"188";"X10_97141487_A"
"189";"X22_23980989_G"
"190";"X13_25671618_C"
